NOC,Sport,Country,Population,GDP_per_capita,log_Pop,log_GDPpc,Athlete_Count,Prev_Sport_Medals,Year,Is_Host,Pred_Gold,Pred_Silver,Pred_Bronze,Pred_Total
ARG,Cycling BMX Freestyle,Argentina,47095834.0,26771.965,17.66769512620185,10.195147888692691,0,1,2028,0,1.0,0.0,0.0,1.0
UZB,Judo,Uzbekistan,34794284.0,10450.205,17.364963707120513,9.25447256174994,8,3,2028,0,0.0,0.0,2.0,2.0
UZB,Taekwondo,Uzbekistan,34794284.0,10450.205,17.364963707120513,9.25447256174994,0,2,2028,0,1.0,1.0,1.0,3.0
UZB,Weightlifting,Uzbekistan,34794284.0,10450.205,17.364963707120513,9.25447256174994,5,1,2028,0,1.0,0.0,1.0,2.0
UZB,Wrestling,Uzbekistan,34794284.0,10450.205,17.364963707120513,9.25447256174994,8,2,2028,0,0.0,0.0,1.0,1.0
ESP,Athletics,Spain,46345986.0,48460.293,17.651645265861067,10.788520675813986,47,4,2028,0,1.0,1.0,1.0,3.0
ESP,Artistic Swimming,Spain,46345986.0,48460.293,17.651645265861067,10.788520675813986,0,1,2028,0,0.0,0.0,1.0,1.0
ESP,3x3 Basketball,Spain,46345986.0,48460.293,17.651645265861067,10.788520675813986,0,1,2028,0,0.0,0.0,1.0,1.0
ESP,Judo,Spain,46345986.0,48460.293,17.651645265861067,10.788520675813986,12,1,2028,0,0.0,0.0,1.0,1.0
ESP,Handball,Spain,46345986.0,48460.293,17.651645265861067,10.788520675813986,29,1,2028,0,0.0,0.0,1.0,1.0
ESP,Football,Spain,46345986.0,48460.293,17.651645265861067,10.788520675813986,17,1,2028,0,1.0,0.0,0.0,1.0
ESP,Canoe Sprint,Spain,46345986.0,48460.293,17.651645265861067,10.788520675813986,0,2,2028,0,0.0,0.0,1.0,1.0
ESP,Canoe Slalom,Spain,46345986.0,48460.293,17.651645265861067,10.788520675813986,0,1,2028,0,0.0,0.0,1.0,1.0
ESP,Boxing,Spain,46345986.0,48460.293,17.651645265861067,10.788520675813986,1,2,2028,0,0.0,0.0,1.0,1.0
UZB,Boxing,Uzbekistan,34794284.0,10450.205,17.364963707120513,9.25447256174994,11,5,2028,0,2.0,1.0,2.0,5.0
ARM,Wrestling,Armenia,2937237.0,20078.785,14.892980241967392,9.907468866577029,8,2,2028,0,0.0,1.0,0.0,1.0
ARM,Weightlifting,Armenia,2937237.0,20078.785,14.892980241967392,9.907468866577029,7,1,2028,0,0.0,1.0,0.0,1.0
GER,Triathlon,Germany,82506139.0,,18.228383272777982,,6,1,2028,0,0.0,0.0,1.0,1.0
GER,Swimming,Germany,82506139.0,,18.228383272777982,,25,2,2028,0,1.0,1.0,1.0,3.0
GBR,Boxing,Great Britain,,52621.18,,10.870892982850528,12,1,2028,0,0.0,1.0,1.0,2.0
GBR,Athletics,Great Britain,,52621.18,,10.870892982850528,73,10,2028,0,2.0,4.0,3.0,9.0
GBR,Artistic Swimming,Great Britain,,52621.18,,10.870892982850528,0,1,2028,0,0.0,1.0,1.0,2.0
GBR,Artistic Gymnastics,Great Britain,,52621.18,,10.870892982850528,0,2,2028,0,0.0,1.0,1.0,2.0
GBR,Trampoline Gymnastics,Great Britain,,52621.18,,10.870892982850528,0,1,2028,0,0.0,1.0,1.0,2.0
GBR,Taekwondo,Great Britain,,52621.18,,10.870892982850528,4,1,2028,0,0.0,0.0,1.0,1.0
GBR,Swimming,Great Britain,,52621.18,,10.870892982850528,28,5,2028,0,1.0,2.0,1.0,4.0
GBR,Sport Climbing,Great Britain,,52621.18,,10.870892982850528,0,1,2028,0,0.0,1.0,1.0,2.0
GBR,Skateboarding,Great Britain,,52621.18,,10.870892982850528,0,1,2028,0,0.0,1.0,1.0,2.0
GBR,Shooting,Great Britain,,52621.18,,10.870892982850528,6,2,2028,0,1.0,1.0,1.0,3.0
GBR,Sailing,Great Britain,,52621.18,,10.870892982850528,15,2,2028,0,1.0,1.0,1.0,3.0
GBR,Rowing,Great Britain,,52621.18,,10.870892982850528,43,8,2028,0,2.0,4.0,1.0,7.0
GBR,Golf,Great Britain,,52621.18,,10.870892982850528,4,1,2028,0,0.0,0.0,1.0,1.0
GBR,Equestrian,Great Britain,,52621.18,,10.870892982850528,0,5,2028,0,1.0,1.0,1.0,3.0
GER,Canoe Sprint,Germany,82506139.0,,18.228383272777982,,0,4,2028,0,1.0,1.0,1.0,3.0
GER,Canoe Slalom,Germany,82506139.0,,18.228383272777982,,0,2,2028,0,1.0,1.0,1.0,3.0
GER,Boxing,Germany,82506139.0,,18.228383272777982,,6,1,2028,0,0.0,0.0,1.0,1.0
GER,Beach Volleyball,Germany,82506139.0,,18.228383272777982,,6,1,2028,0,0.0,0.0,1.0,1.0
GER,Athletics,Germany,82506139.0,,18.228383272777982,,84,4,2028,0,1.0,2.0,1.0,4.0
GER,Archery,Germany,82506139.0,,18.228383272777982,,2,1,2028,0,0.0,0.0,1.0,1.0
GBR,Diving,Great Britain,,52621.18,,10.870892982850528,11,5,2028,0,1.0,1.0,2.0,4.0
GBR,Cycling Track,Great Britain,,52621.18,,10.870892982850528,0,8,2028,0,1.0,3.0,2.0,6.0
GBR,Cycling Road,Great Britain,,52621.18,,10.870892982850528,0,1,2028,0,0.0,1.0,1.0,2.0
GBR,Cycling Mountain Bike,Great Britain,,52621.18,,10.870892982850528,0,1,2028,0,0.0,1.0,1.0,2.0
GBR,Cycling BMX Freestyle,Great Britain,,52621.18,,10.870892982850528,0,1,2028,0,0.0,1.0,1.0,2.0
GBR,Canoe Slalom,Great Britain,,52621.18,,10.870892982850528,0,4,2028,0,1.0,1.0,2.0,4.0
GRE,Wrestling,Greece,10977842.0,,16.211389526659772,,18,1,2028,0,1.0,1.0,1.0,3.0
GRE,Swimming,Greece,10977842.0,,16.211389526659772,,9,1,2028,0,0.0,0.0,1.0,1.0
UKR,Wrestling,Ukraine,42687381.0,16319.845,17.569413931016207,9.700198404138504,11,3,2028,0,0.0,1.0,1.0,2.0
UKR,Shooting,Ukraine,42687381.0,16319.845,17.569413931016207,9.700198404138504,8,1,2028,0,0.0,1.0,1.0,2.0
UKR,Fencing,Ukraine,42687381.0,16319.845,17.569413931016207,9.700198404138504,14,2,2028,0,1.0,1.0,1.0,3.0
GRE,Rowing,Greece,10977842.0,,16.211389526659772,,10,2,2028,0,1.0,1.0,1.0,3.0
GRE,Judo,Greece,10977842.0,,16.211389526659772,,2,1,2028,0,0.0,0.0,1.0,1.0
GRE,Athletics,Greece,10977842.0,,16.211389526659772,,24,2,2028,0,1.0,1.0,1.0,3.0
GRE,Artistic Gymnastics,Greece,10977842.0,,16.211389526659772,,0,1,2028,0,0.0,0.0,1.0,1.0
GER,Rowing,Germany,82506139.0,,18.228383272777982,,35,2,2028,0,1.0,1.0,1.0,3.0
GER,Rhythmic Gymnastics,Germany,82506139.0,,18.228383272777982,,0,1,2028,0,1.0,1.0,1.0,3.0
GER,Marathon Swimming,Germany,82506139.0,,18.228383272777982,,0,1,2028,0,1.0,1.0,1.0,3.0
GER,Judo,Germany,82506139.0,,18.228383272777982,,13,1,2028,0,0.0,1.0,1.0,2.0
GER,Hockey,Germany,82506139.0,,18.228383272777982,,33,1,2028,0,1.0,1.0,1.0,3.0
GER,Handball,Germany,82506139.0,,18.228383272777982,,15,1,2028,0,0.0,1.0,0.0,1.0
GER,Golf,Germany,82506139.0,,18.228383272777982,,0,1,2028,0,1.0,1.0,1.0,3.0
GER,Football,Germany,82506139.0,,18.228383272777982,,35,1,2028,0,1.0,1.0,1.0,3.0
GER,Equestrian,Germany,82506139.0,,18.228383272777982,,0,5,2028,0,1.0,1.0,1.0,3.0
GER,Cycling Track,Germany,82506139.0,,18.228383272777982,,0,2,2028,0,1.0,1.0,1.0,3.0
GBR,Weightlifting,Great Britain,,52621.18,,10.870892982850528,10,1,2028,0,0.0,1.0,1.0,2.0
GBR,Triathlon,Great Britain,,52621.18,,10.870892982850528,6,3,2028,0,1.0,1.0,1.0,3.0
HKG,Swimming,"Hong Kong, China",,66153.98,,11.099755450156158,0,2,2028,0,1.0,0.0,1.0,2.0
HKG,Fencing,"Hong Kong, China",,66153.98,,11.099755450156158,0,2,2028,0,1.0,0.0,1.0,2.0
GUA,Shooting,Guatemala,19241632.0,,16.772586874860007,,0,2,2028,0,1.0,1.0,1.0,3.0
GRN,Athletics,Grenada,110894.0,,11.61633908665931,,4,2,2028,0,1.0,0.0,0.0,1.0
UKR,Canoe Sprint,Ukraine,42687381.0,16319.845,17.569413931016207,9.700198404138504,0,1,2028,0,0.0,1.0,0.0,1.0
UKR,Boxing,Ukraine,42687381.0,16319.845,17.569413931016207,9.700198404138504,7,1,2028,0,0.0,0.0,0.0,0.0
UKR,Athletics,Ukraine,42687381.0,16319.845,17.569413931016207,9.700198404138504,65,3,2028,0,0.0,0.0,1.0,1.0
FRA,Triathlon,France,66624723.0,54799.348,18.014586297852585,10.911451823280906,0,2,2028,0,1.0,1.0,1.0,3.0
FRA,Taekwondo,France,66624723.0,54799.348,18.014586297852585,10.911451823280906,4,2,2028,0,0.0,1.0,1.0,2.0
FRA,Table Tennis,France,66624723.0,54799.348,18.014586297852585,10.911451823280906,5,2,2028,0,0.0,1.0,1.0,2.0
FRA,Swimming,France,66624723.0,54799.348,18.014586297852585,10.911451823280906,30,7,2028,0,1.0,2.0,3.0,6.0
FRA,Surfing,France,66624723.0,54799.348,18.014586297852585,10.911451823280906,0,2,2028,0,1.0,1.0,1.0,3.0
FRA,Shooting,France,66624723.0,54799.348,18.014586297852585,10.911451823280906,11,1,2028,0,0.0,1.0,1.0,2.0
GER,3x3 Basketball,Germany,82506139.0,,18.228383272777982,,0,1,2028,0,1.0,1.0,1.0,3.0
FRA,Cycling Mountain Bike,France,66624723.0,54799.348,18.014586297852585,10.911451823280906,0,2,2028,0,1.0,1.0,1.0,3.0
FRA,Cycling BMX Racing,France,66624723.0,54799.348,18.014586297852585,10.911451823280906,0,3,2028,0,1.0,1.0,1.0,3.0
FRA,Cycling BMX Freestyle,France,66624723.0,54799.348,18.014586297852585,10.911451823280906,0,1,2028,0,1.0,1.0,1.0,3.0
FRA,Canoe Slalom,France,66624723.0,54799.348,18.014586297852585,10.911451823280906,0,3,2028,0,1.0,1.0,1.0,3.0
FRA,Breaking,France,66624723.0,54799.348,18.014586297852585,10.911451823280906,0,1,2028,0,1.0,1.0,1.0,3.0
FRA,Boxing,France,66624723.0,54799.348,18.014586297852585,10.911451823280906,10,3,2028,0,1.0,2.0,1.0,4.0
GEO,Wrestling,Georgia,3844853.0,24883.908,15.162246188809531,10.122016794279592,11,2,2028,0,1.0,1.0,0.0,2.0
GEO,Weightlifting,Georgia,3844853.0,24883.908,15.162246188809531,10.122016794279592,4,1,2028,0,1.0,0.0,0.0,1.0
GEO,Judo,Georgia,3844853.0,24883.908,15.162246188809531,10.122016794279592,8,3,2028,0,1.0,1.0,0.0,2.0
GEO,Boxing,Georgia,3844853.0,24883.908,15.162246188809531,10.122016794279592,2,1,2028,0,0.0,0.0,1.0,1.0
FRA,Volleyball,France,66624723.0,54799.348,18.014586297852585,10.911451823280906,0,1,2028,0,1.0,1.0,1.0,3.0
UKR,Artistic Gymnastics,Ukraine,42687381.0,16319.845,17.569413931016207,9.700198404138504,0,1,2028,0,0.0,1.0,0.0,1.0
HUN,Taekwondo,Hungary,9477472.0,40686.934,16.064428277516022,10.613686865560704,0,1,2028,0,1.0,0.0,1.0,2.0
HUN,Swimming,Hungary,9477472.0,40686.934,16.064428277516022,10.613686865560704,31,3,2028,0,2.0,1.0,1.0,4.0
HUN,Shooting,Hungary,9477472.0,40686.934,16.064428277516022,10.613686865560704,8,1,2028,0,0.0,0.0,1.0,1.0
HUN,Modern Pentathlon,Hungary,9477472.0,40686.934,16.064428277516022,10.613686865560704,4,1,2028,0,1.0,0.0,0.0,1.0
HUN,Marathon Swimming,Hungary,9477472.0,40686.934,16.064428277516022,10.613686865560704,0,2,2028,0,0.0,1.0,1.0,2.0
FRA,Sailing,France,66624723.0,54799.348,18.014586297852585,10.911451823280906,15,2,2028,0,1.0,1.0,1.0,3.0
FRA,Rugby Sevens,France,66624723.0,54799.348,18.014586297852585,10.911451823280906,0,1,2028,0,1.0,1.0,1.0,3.0
FRA,Modern Pentathlon,France,66624723.0,54799.348,18.014586297852585,10.911451823280906,3,1,2028,0,0.0,1.0,0.0,1.0
FRA,Judo,France,66624723.0,54799.348,18.014586297852585,10.911451823280906,14,10,2028,0,2.0,2.0,4.0,8.0
FRA,Handball,France,66624723.0,54799.348,18.014586297852585,10.911451823280906,31,1,2028,0,1.0,1.0,1.0,3.0
FRA,Football,France,66624723.0,54799.348,18.014586297852585,10.911451823280906,16,1,2028,0,1.0,1.0,1.0,3.0
FRA,Fencing,France,66624723.0,54799.348,18.014586297852585,10.911451823280906,19,7,2028,0,1.0,2.0,4.0,7.0
FRA,Equestrian,France,66624723.0,54799.348,18.014586297852585,10.911451823280906,0,2,2028,0,1.0,1.0,1.0,3.0
FRA,Cycling Track,France,66624723.0,54799.348,18.014586297852585,10.911451823280906,0,1,2028,0,1.0,1.0,1.0,3.0
FRA,Cycling Road,France,66624723.0,54799.348,18.014586297852585,10.911451823280906,0,2,2028,0,1.0,1.0,1.0,3.0
HUN,Fencing,Hungary,9477472.0,40686.934,16.064428277516022,10.613686865560704,10,3,2028,0,1.0,1.0,1.0,3.0
HUN,Canoe Sprint,Hungary,9477472.0,40686.934,16.064428277516022,10.613686865560704,0,7,2028,0,1.0,3.0,3.0,7.0
HUN,Athletics,Hungary,9477472.0,40686.934,16.064428277516022,10.613686865560704,19,1,2028,0,1.0,1.0,0.0,2.0
IRI,Wrestling,Iran,86190846.0,,18.27207454670141,,12,8,2028,0,3.0,3.0,1.0,7.0
IRI,Taekwondo,Iran,86190846.0,,18.27207454670141,,4,4,2028,0,1.0,2.0,1.0,4.0
INA,Weightlifting,Indonesia,282376577.0,,19.45875212105024,,7,1,2028,0,1.0,0.0,1.0,2.0
INA,Sport Climbing,Indonesia,282376577.0,,19.45875212105024,,0,1,2028,0,1.0,0.0,1.0,2.0
INA,Badminton,Indonesia,282376577.0,,19.45875212105024,,10,1,2028,0,1.0,0.0,1.0,2.0
EGY,Weightlifting,Egypt,109800309.0,16798.152,18.51417391035084,9.729083687926908,9,1,2028,0,0.0,0.0,1.0,1.0
EGY,Modern Pentathlon,Egypt,109800309.0,16798.152,18.51417391035084,9.729083687926908,0,1,2028,0,1.0,0.0,1.0,2.0
EGY,Fencing,Egypt,109800309.0,16798.152,18.51417391035084,9.729083687926908,12,1,2028,0,0.0,0.0,1.0,1.0
FRA,Basketball,France,66624723.0,54799.348,18.014586297852585,10.911451823280906,24,2,2028,0,1.0,1.0,0.0,2.0
FRA,Athletics,France,66624723.0,54799.348,18.014586297852585,10.911451823280906,47,1,2028,0,0.0,1.0,1.0,2.0
FRA,Archery,France,66624723.0,54799.348,18.014586297852585,10.911451823280906,3,2,2028,0,0.0,1.0,0.0,1.0
FRA,3x3 Basketball,France,66624723.0,54799.348,18.014586297852585,10.911451823280906,0,1,2028,0,1.0,1.0,1.0,3.0
IND,Wrestling,India,1438635367.0,9818.043,21.08696084010853,9.192078942424391,7,1,2028,0,0.0,0.0,1.0,1.0
IND,Shooting,India,1438635367.0,9818.043,21.08696084010853,9.192078942424391,11,3,2028,0,0.0,0.0,3.0,3.0
IND,Hockey,India,1438635367.0,9818.043,21.08696084010853,9.192078942424391,30,1,2028,0,0.0,0.0,1.0,1.0
IND,Athletics,India,1438635367.0,9818.043,21.08696084010853,9.192078942424391,1,1,2028,0,0.0,1.0,0.0,1.0
ISR,Sailing,Israel,9222417.0,47338.844,16.037147817114985,10.765107587752023,7,2,2028,0,0.0,1.0,1.0,2.0
ISR,Rhythmic Gymnastics,Israel,9222417.0,47338.844,16.037147817114985,10.765107587752023,0,1,2028,0,0.0,1.0,0.0,1.0
ISR,Judo,Israel,9222417.0,47338.844,16.037147817114985,10.765107587752023,7,3,2028,0,0.0,1.0,1.0,2.0
ISR,Artistic Gymnastics,Israel,9222417.0,47338.844,16.037147817114985,10.765107587752023,0,1,2028,0,0.0,1.0,0.0,1.0
IRL,Swimming,Ireland,5030660.0,119037.734,15.431061944973,11.687204214929722,5,3,2028,0,1.0,0.0,1.0,2.0
IRL,Rowing,Ireland,5030660.0,119037.734,15.431061944973,11.687204214929722,5,2,2028,0,1.0,0.0,1.0,2.0
IRL,Boxing,Ireland,5030660.0,119037.734,15.431061944973,11.687204214929722,6,1,2028,0,0.0,0.0,0.0,0.0
IRL,Artistic Gymnastics,Ireland,5030660.0,119037.734,15.431061944973,11.687204214929722,0,1,2028,0,1.0,0.0,1.0,2.0
ITA,Artistic Gymnastics,Italy,58727510.0,53265.004,17.888418846215817,10.883053583018128,0,3,2028,0,1.0,1.0,1.0,3.0
UGA,Athletics,Uganda,53436321.0,2879.6702,17.794001259973825,7.965778254390941,11,2,2028,0,1.0,1.0,1.0,3.0
DMA,Athletics,Dominica,76369.0,18739.363,11.243345227882427,9.838434925935656,0,1,2028,0,1.0,0.0,0.0,1.0
DEN,Wrestling,Denmark,5889673.0,,15.58871120604847,,1,1,2028,0,0.0,0.0,0.0,0.0
DEN,Taekwondo,Denmark,5889673.0,,15.58871120604847,,0,1,2028,0,1.0,0.0,1.0,2.0
DEN,Sailing,Denmark,5889673.0,,15.58871120604847,,11,1,2028,0,0.0,0.0,1.0,1.0
FIJ,Rugby Sevens,Fiji,945843.0,,13.759832929573134,,26,1,2028,0,1.0,0.0,1.0,2.0
ETH,Athletics,Ethiopia,123427617.0,2892.2222,18.631165453146146,7.970126108110349,34,4,2028,0,1.0,2.0,0.0,3.0
PRK,Wrestling,DPR South Korea,,,,,5,2,2028,0,0.0,1.0,1.0,2.0
PRK,Table Tennis,DPR South Korea,,,,,3,1,2028,0,0.0,0.0,1.0,1.0
PRK,Diving,DPR South Korea,,,,,0,2,2028,0,0.0,1.0,1.0,2.0
ECU,Wrestling,Ecuador,18254667.0,13935.539,16.719931386108357,9.54226937515262,0,1,2028,0,0.0,1.0,1.0,2.0
ECU,Weightlifting,Ecuador,18254667.0,13935.539,16.719931386108357,9.54226937515262,0,2,2028,0,0.0,1.0,1.0,2.0
ECU,Athletics,Ecuador,18254667.0,13935.539,16.719931386108357,9.54226937515262,11,2,2028,0,1.0,1.0,1.0,3.0
DOM,Boxing,Dominican Republic,11531725.0,24229.889,16.260612577485904,10.09538350319116,6,2,2028,0,0.0,0.0,1.0,1.0
DOM,Athletics,Dominican Republic,11531725.0,24229.889,16.260612577485904,10.09538350319116,9,1,2028,0,0.0,0.0,1.0,1.0
TUR,Wrestling,Turkey,85752414.0,36154.492,18.26697480687905,10.4955841385928,14,2,2028,0,0.0,1.0,2.0,3.0
TUR,Taekwondo,Turkey,85752414.0,36154.492,18.26697480687905,10.4955841385928,2,1,2028,0,0.0,0.0,1.0,1.0
TUR,Shooting,Turkey,85752414.0,36154.492,18.26697480687905,10.4955841385928,0,1,2028,0,0.0,1.0,1.0,2.0
TUR,Boxing,Turkey,85752414.0,36154.492,18.26697480687905,10.4955841385928,5,3,2028,0,0.0,1.0,1.0,2.0
TUR,Archery,Turkey,85752414.0,36154.492,18.26697480687905,10.4955841385928,0,1,2028,0,0.0,1.0,1.0,2.0
ITA,Tennis,Italy,58727510.0,53265.004,17.888418846215817,10.883053583018128,5,2,2028,0,1.0,0.0,1.0,2.0
ITA,Taekwondo,Italy,58727510.0,53265.004,17.888418846215817,10.883053583018128,2,1,2028,0,0.0,0.0,1.0,1.0
ITA,Swimming,Italy,58727510.0,53265.004,17.888418846215817,10.883053583018128,38,5,2028,0,1.0,2.0,2.0,5.0
ITA,Shooting,Italy,58727510.0,53265.004,17.888418846215817,10.883053583018128,14,4,2028,0,1.0,2.0,2.0,5.0
ITA,Sailing,Italy,58727510.0,53265.004,17.888418846215817,10.883053583018128,18,2,2028,0,1.0,1.0,1.0,3.0
ITA,Rowing,Italy,58727510.0,53265.004,17.888418846215817,10.883053583018128,27,2,2028,0,1.0,1.0,1.0,3.0
ITA,Rhythmic Gymnastics,Italy,58727510.0,53265.004,17.888418846215817,10.883053583018128,7,2,2028,0,0.0,0.0,1.0,1.0
ITA,Modern Pentathlon,Italy,58727510.0,53265.004,17.888418846215817,10.883053583018128,3,1,2028,0,0.0,0.0,1.0,1.0
ITA,Marathon Swimming,Italy,58727510.0,53265.004,17.888418846215817,10.883053583018128,0,1,2028,0,1.0,0.0,1.0,2.0
ITA,Judo,Italy,58727510.0,53265.004,17.888418846215817,10.883053583018128,6,1,2028,0,0.0,0.0,1.0,1.0
CYP,Sailing,Cyprus,1239630.0,50082.72,14.030324312650151,10.821451284165432,2,1,2028,0,0.0,1.0,0.0,1.0
CUB,Wrestling,Cuba,11511251.0,,16.258835549760775,,10,5,2028,0,1.0,0.0,2.0,3.0
CUB,Taekwondo,Cuba,11511251.0,,16.258835549760775,,3,1,2028,0,0.0,0.0,1.0,1.0
CUB,Canoe Sprint,Cuba,11511251.0,,16.258835549760775,,0,1,2028,0,0.0,0.0,1.0,1.0
DEN,Handball,Denmark,5889673.0,,15.58871120604847,,14,2,2028,0,1.0,1.0,1.0,3.0
DEN,Equestrian,Denmark,5889673.0,,15.58871120604847,,0,1,2028,0,1.0,0.0,1.0,2.0
DEN,Cycling Track,Denmark,5889673.0,,15.58871120604847,,0,1,2028,0,1.0,0.0,1.0,2.0
DEN,Canoe Sprint,Denmark,5889673.0,,15.58871120604847,,0,1,2028,0,1.0,0.0,1.0,2.0
DEN,Badminton,Denmark,5889673.0,,15.58871120604847,,8,1,2028,0,0.0,0.0,1.0,1.0
ITA,Fencing,Italy,58727510.0,53265.004,17.888418846215817,10.883053583018128,17,5,2028,0,1.0,2.0,1.0,4.0
ITA,Cycling Track,Italy,58727510.0,53265.004,17.888418846215817,10.883053583018128,0,3,2028,0,1.0,1.0,1.0,3.0
ITA,Cycling Road,Italy,58727510.0,53265.004,17.888418846215817,10.883053583018128,0,1,2028,0,1.0,0.0,1.0,2.0
ITA,Canoe Sprint,Italy,58727510.0,53265.004,17.888418846215817,10.883053583018128,0,1,2028,0,1.0,0.0,1.0,2.0
ITA,Canoe Slalom,Italy,58727510.0,53265.004,17.888418846215817,10.883053583018128,0,1,2028,0,1.0,0.0,1.0,2.0
ITA,Athletics,Italy,58727510.0,53265.004,17.888418846215817,10.883053583018128,33,3,2028,0,1.0,1.0,1.0,3.0
TUN,Taekwondo,Tunisia,12335544.0,12774.916,16.32799549018803,9.455317115045432,3,2,2028,0,0.0,0.0,1.0,1.0
TUN,Fencing,Tunisia,12335544.0,12774.916,16.32799549018803,9.455317115045432,5,1,2028,0,0.0,0.0,0.0,0.0
CRO,Taekwondo,Croatia,4024852.0,,15.207998946428736,,2,1,2028,0,0.0,0.0,1.0,1.0
CRO,Shooting,Croatia,4024852.0,,15.207998946428736,,7,1,2028,0,1.0,0.0,1.0,2.0
CRO,Rowing,Croatia,4024852.0,,15.207998946428736,,3,1,2028,0,0.0,0.0,1.0,1.0
CRO,Judo,Croatia,4024852.0,,15.207998946428736,,0,1,2028,0,1.0,0.0,1.0,2.0
CRO,Athletics,Croatia,4024852.0,,15.207998946428736,,10,1,2028,0,1.0,0.0,1.0,2.0
PRK,Boxing,DPR South Korea,,,,,2,1,2028,0,0.0,0.0,1.0,1.0
CZE,Tennis,Czechia,,47963.9,,10.778224772396335,7,1,2028,0,0.0,0.0,1.0,1.0
CZE,Fencing,Czechia,,47963.9,,10.778224772396335,0,1,2028,0,1.0,0.0,1.0,2.0
CZE,Canoe Sprint,Czechia,,47963.9,,10.778224772396335,0,2,2028,0,1.0,0.0,1.0,2.0
CZE,Athletics,Czechia,,47963.9,,10.778224772396335,26,1,2028,0,0.0,1.0,1.0,2.0
JAM,Athletics,Jamaica,2931784.0,11340.264,14.89112201051418,9.336203034914908,52,6,2028,0,1.0,3.0,2.0,6.0
CIV,Taekwondo,Ivory Coast,,6747.038,,8.817007074948165,3,1,2028,0,0.0,0.0,1.0,1.0
ITA,Weightlifting,Italy,58727510.0,53265.004,17.888418846215817,10.883053583018128,3,1,2028,0,0.0,0.0,1.0,1.0
ITA,Volleyball,Italy,58727510.0,53265.004,17.888418846215817,10.883053583018128,24,1,2028,0,0.0,1.0,0.0,1.0
JPN,Athletics,Japan,124795916.0,46106.92,18.642190297018256,10.738740014662577,51,1,2028,0,0.0,1.0,1.0,2.0
JPN,Artistic Gymnastics,Japan,124795916.0,46106.92,18.642190297018256,10.738740014662577,0,4,2028,0,1.0,1.0,1.0,3.0
TPE,Weightlifting,Chinese Taipei,,,,,6,1,2028,0,0.0,0.0,1.0,1.0
TPE,Shooting,Chinese Taipei,,,,,0,1,2028,0,0.0,1.0,1.0,2.0
TPE,Boxing,Chinese Taipei,,,,,0,3,2028,0,0.0,1.0,1.0,2.0
TPE,Badminton,Chinese Taipei,,,,,0,1,2028,0,0.0,1.0,1.0,2.0
TPE,Artistic Gymnastics,Chinese Taipei,,,,,0,1,2028,0,0.0,1.0,1.0,2.0
CUB,Boxing,Cuba,11511251.0,,16.258835549760775,,10,2,2028,0,1.0,0.0,1.0,2.0
CRO,Water Polo,Croatia,4024852.0,,15.207998946428736,,13,1,2028,0,0.0,0.0,1.0,1.0
CRO,Tennis,Croatia,4024852.0,,15.207998946428736,,5,1,2028,0,0.0,0.0,1.0,1.0
THA,Boxing,Thailand,69659623.0,21740.541,18.05913142524185,9.98698004132778,3,1,2028,0,0.0,0.0,0.0,0.0
THA,Badminton,Thailand,69659623.0,21740.541,18.05913142524185,9.98698004132778,0,1,2028,0,0.0,1.0,0.0,1.0
JPN,Swimming,Japan,124795916.0,46106.92,18.642190297018256,10.738740014662577,36,1,2028,0,1.0,0.0,0.0,1.0
JPN,Sport Climbing,Japan,124795916.0,46106.92,18.642190297018256,10.738740014662577,0,1,2028,0,0.0,1.0,1.0,2.0
JPN,Skateboarding,Japan,124795916.0,46106.92,18.642190297018256,10.738740014662577,0,4,2028,0,1.0,1.0,1.0,3.0
JPN,Sailing,Japan,124795916.0,46106.92,18.642190297018256,10.738740014662577,10,1,2028,0,1.0,1.0,1.0,3.0
JPN,Modern Pentathlon,Japan,124795916.0,46106.92,18.642190297018256,10.738740014662577,0,1,2028,0,0.0,1.0,1.0,2.0
JPN,Judo,Japan,124795916.0,46106.92,18.642190297018256,10.738740014662577,14,8,2028,0,4.0,2.0,2.0,8.0
CHN,Weightlifting,China,1436995094.0,23845.62,21.085820030676302,10.079397767195822,10,5,2028,0,2.0,1.0,1.0,4.0
CHN,Trampoline Gymnastics,China,1436995094.0,23845.62,21.085820030676302,10.079397767195822,0,2,2028,0,1.0,1.0,0.0,2.0
CHN,Tennis,China,1436995094.0,23845.62,21.085820030676302,10.079397767195822,8,2,2028,0,1.0,0.0,0.0,1.0
CHN,Taekwondo,China,1436995094.0,23845.62,21.085820030676302,10.079397767195822,4,2,2028,0,1.0,0.0,1.0,2.0
CHN,Table Tennis,China,1436995094.0,23845.62,21.085820030676302,10.079397767195822,6,6,2028,0,3.0,2.0,0.0,5.0
CHN,Swimming,China,1436995094.0,23845.62,21.085820030676302,10.079397767195822,43,12,2028,0,4.0,3.0,5.0,12.0
COL,Wrestling,Colombia,51556137.0,18477.215,17.758181830204286,9.82434774962138,3,1,2028,0,0.0,1.0,0.0,1.0
COL,Weightlifting,Colombia,51556137.0,18477.215,17.758181830204286,9.82434774962138,9,2,2028,0,0.0,1.0,1.0,2.0
COL,Artistic Gymnastics,Colombia,51556137.0,18477.215,17.758181830204286,9.82434774962138,0,1,2028,0,0.0,1.0,1.0,2.0
CHN,Boxing,China,1436995094.0,23845.62,21.085820030676302,10.079397767195822,11,5,2028,0,2.0,1.0,1.0,4.0
CHN,Badminton,China,1436995094.0,23845.62,21.085820030676302,10.079397767195822,15,5,2028,0,1.0,2.0,1.0,4.0
CHN,Athletics,China,1436995094.0,23845.62,21.085820030676302,10.079397767195822,52,4,2028,0,0.0,2.0,3.0,5.0
CHN,Artistic Swimming,China,1436995094.0,23845.62,21.085820030676302,10.079397767195822,0,2,2028,0,1.0,1.0,0.0,2.0
CHN,Artistic Gymnastics,China,1436995094.0,23845.62,21.085820030676302,10.079397767195822,0,9,2028,0,3.0,4.0,1.0,8.0
CHN,Archery,China,1436995094.0,23845.62,21.085820030676302,10.079397767195822,6,1,2028,0,0.0,1.0,0.0,1.0
CHN,Wrestling,China,1436995094.0,23845.62,21.085820030676302,10.079397767195822,13,5,2028,0,1.0,1.0,2.0,4.0
JPN,Golf,Japan,124795916.0,46106.92,18.642190297018256,10.738740014662577,0,1,2028,0,0.0,1.0,1.0,2.0
JPN,Fencing,Japan,124795916.0,46106.92,18.642190297018256,10.738740014662577,10,5,2028,0,3.0,1.0,1.0,5.0
JPN,Equestrian,Japan,124795916.0,46106.92,18.642190297018256,10.738740014662577,0,1,2028,0,0.0,1.0,1.0,2.0
JPN,Diving,Japan,124795916.0,46106.92,18.642190297018256,10.738740014662577,0,1,2028,0,0.0,1.0,1.0,2.0
JPN,Breaking,Japan,124795916.0,46106.92,18.642190297018256,10.738740014662577,0,1,2028,0,0.0,1.0,1.0,2.0
JPN,Badminton,Japan,124795916.0,46106.92,18.642190297018256,10.738740014662577,9,2,2028,0,0.0,0.0,1.0,1.0
KAZ,Shooting,Kazakhstan,19457023.0,35973.965,16.783718693941985,10.49057855885725,5,1,2028,0,0.0,0.0,1.0,1.0
KAZ,Judo,Kazakhstan,19457023.0,35973.965,16.783718693941985,10.49057855885725,6,2,2028,0,0.0,0.0,1.0,1.0
KAZ,Boxing,Kazakhstan,19457023.0,35973.965,16.783718693941985,10.49057855885725,12,2,2028,0,0.0,1.0,1.0,2.0
KAZ,Artistic Gymnastics,Kazakhstan,19457023.0,35973.965,16.783718693941985,10.49057855885725,0,1,2028,0,0.0,1.0,1.0,2.0
JOR,Taekwondo,Jordan,10538925.0,9520.251,16.170586198352378,9.161281526715218,1,1,2028,0,0.0,1.0,0.0,1.0
CHN,Sport Climbing,China,1436995094.0,23845.62,21.085820030676302,10.079397767195822,0,2,2028,0,1.0,1.0,0.0,2.0
CHN,Shooting,China,1436995094.0,23845.62,21.085820030676302,10.079397767195822,22,10,2028,0,3.0,2.0,3.0,8.0
CHN,Rhythmic Gymnastics,China,1436995094.0,23845.62,21.085820030676302,10.079397767195822,7,1,2028,0,0.0,0.0,0.0,0.0
CHN,Judo,China,1436995094.0,23845.62,21.085820030676302,10.079397767195822,8,1,2028,0,0.0,1.0,0.0,1.0
CHN,Hockey,China,1436995094.0,23845.62,21.085820030676302,10.079397767195822,33,1,2028,0,0.0,1.0,0.0,1.0
CHN,Golf,China,1436995094.0,23845.62,21.085820030676302,10.079397767195822,4,1,2028,0,0.0,0.0,1.0,1.0
CHN,Diving,China,1436995094.0,23845.62,21.085820030676302,10.079397767195822,13,11,2028,0,6.0,2.0,1.0,9.0
CHN,Cycling BMX Freestyle,China,1436995094.0,23845.62,21.085820030676302,10.079397767195822,0,1,2028,0,1.0,1.0,0.0,2.0
CHN,Canoe Sprint,China,1436995094.0,23845.62,21.085820030676302,10.079397767195822,0,2,2028,0,1.0,1.0,0.0,2.0
CHN,Breaking,China,1436995094.0,23845.62,21.085820030676302,10.079397767195822,0,1,2028,0,1.0,1.0,0.0,2.0
JPN,Wrestling,Japan,124795916.0,46106.92,18.642190297018256,10.738740014662577,10,11,2028,0,6.0,2.0,2.0,10.0
JPN,Table Tennis,Japan,124795916.0,46106.92,18.642190297018256,10.738740014662577,6,2,2028,0,0.0,0.0,1.0,1.0
THA,Weightlifting,Thailand,69659623.0,21740.541,18.05913142524185,9.98698004132778,9,3,2028,0,0.0,1.0,1.0,2.0
THA,Taekwondo,Thailand,69659623.0,21740.541,18.05913142524185,9.98698004132778,3,1,2028,0,0.0,0.0,0.0,0.0
SUI,Rowing,Switzerland,8901021.0,,16.001676659570414,,11,1,2028,0,0.0,0.0,1.0,1.0
SUI,Equestrian,Switzerland,8901021.0,,16.001676659570414,,0,1,2028,0,0.0,1.0,1.0,2.0
SUI,Cycling BMX Racing,Switzerland,8901021.0,,16.001676659570414,,0,1,2028,0,0.0,1.0,1.0,2.0
SUI,Beach Volleyball,Switzerland,8901021.0,,16.001676659570414,,6,1,2028,0,0.0,0.0,1.0,1.0
KGZ,Wrestling,Kyrgyzstan,6605291.0,7048.9897,15.703381703894005,8.86078143481234,5,5,2028,0,0.0,1.0,2.0,3.0
KGZ,Boxing,Kyrgyzstan,6605291.0,7048.9897,15.703381703894005,8.86078143481234,0,1,2028,0,0.0,1.0,0.0,1.0
KOS,Judo,Kosovo,,,,,2,2,2028,0,0.0,0.0,1.0,1.0
CAN,Swimming,Canada,38867347.0,56706.824,17.475665073076062,10.945667469614168,30,8,2028,0,2.0,2.0,3.0,7.0
CAN,Rugby Sevens,Canada,38867347.0,56706.824,17.475665073076062,10.945667469614168,12,1,2028,0,0.0,0.0,0.0,0.0
CAN,Rowing,Canada,38867347.0,56706.824,17.475665073076062,10.945667469614168,26,1,2028,0,0.0,1.0,0.0,1.0
CAN,Judo,Canada,38867347.0,56706.824,17.475665073076062,10.945667469614168,8,1,2028,0,0.0,0.0,1.0,1.0
CAN,Fencing,Canada,38867347.0,56706.824,17.475665073076062,10.945667469614168,0,1,2028,0,0.0,0.0,1.0,1.0
CAN,Diving,Canada,38867347.0,56706.824,17.475665073076062,10.945667469614168,7,1,2028,0,0.0,0.0,1.0,1.0
KEN,Athletics,Kenya,58722068.0,5845.201,17.88832617666342,8.673547327563877,47,11,2028,0,4.0,2.0,5.0,11.0
TJK,Judo,Tajikistan,10187895.0,4755.933,16.136710906941435,8.467358411826051,3,2,2028,0,0.0,0.0,1.0,1.0
TJK,Boxing,Tajikistan,10187895.0,4755.933,16.136710906941435,8.467358411826051,4,1,2028,0,0.0,0.0,1.0,1.0
KAZ,Wrestling,Kazakhstan,19457023.0,35973.965,16.783718693941985,10.49057855885725,12,1,2028,0,0.0,1.0,1.0,2.0
LTU,Rowing,Lithuania,2801129.0,47165.367,14.845533465160958,10.761436354020246,10,1,2028,0,0.0,0.0,1.0,1.0
LTU,Breaking,Lithuania,2801129.0,47165.367,14.845533465160958,10.761436354020246,0,1,2028,0,0.0,1.0,0.0,1.0
LTU,Athletics,Lithuania,2801129.0,47165.367,14.845533465160958,10.761436354020246,20,1,2028,0,0.0,1.0,0.0,1.0
LTU,3x3 Basketball,Lithuania,2801129.0,47165.367,14.845533465160958,10.761436354020246,0,1,2028,0,0.0,1.0,0.0,1.0
CPV,Boxing,Cabo Verde,,9848.953,,9.195221962581147,0,1,2028,0,0.0,0.0,1.0,1.0
CHI,Wrestling,Chile,18980612.0,,16.758928647779413,,0,1,2028,0,0.0,0.0,1.0,1.0
CHI,Shooting,Chile,18980612.0,,16.758928647779413,,1,1,2028,0,0.0,0.0,0.0,0.0
CAN,Weightlifting,Canada,38867347.0,56706.824,17.475665073076062,10.945667469614168,3,1,2028,0,0.0,0.0,0.0,0.0
CAN,Trampoline Gymnastics,Canada,38867347.0,56706.824,17.475665073076062,10.945667469614168,0,1,2028,0,0.0,0.0,1.0,1.0
CAN,Tennis,Canada,38867347.0,56706.824,17.475665073076062,10.945667469614168,4,1,2028,0,0.0,0.0,1.0,1.0
CAN,Taekwondo,Canada,38867347.0,56706.824,17.475665073076062,10.945667469614168,3,1,2028,0,0.0,0.0,0.0,0.0
SUI,Triathlon,Switzerland,8901021.0,,16.001676659570414,,4,1,2028,0,0.0,0.0,1.0,1.0
SUI,Swimming,Switzerland,8901021.0,,16.001676659570414,,13,1,2028,0,0.0,1.0,1.0,2.0
SUI,Shooting,Switzerland,8901021.0,,16.001676659570414,,4,2,2028,0,1.0,0.0,1.0,2.0
MDA,Wrestling,Moldova,3960231.0,16376.611,15.191813167373164,9.70367049817427,6,1,2028,0,0.0,0.0,0.0,0.0
MDA,Judo,Moldova,3960231.0,16376.611,15.191813167373164,9.70367049817427,0,2,2028,0,0.0,1.0,1.0,2.0
MDA,Canoe Sprint,Moldova,3960231.0,16376.611,15.191813167373164,9.70367049817427,0,1,2028,0,0.0,0.0,1.0,1.0
MEX,Judo,Mexico,139744251.0,22039.629,18.755324538563254,10.000642801879584,0,1,2028,0,0.0,1.0,1.0,2.0
MEX,Diving,Mexico,139744251.0,22039.629,18.755324538563254,10.000642801879584,9,2,2028,0,0.0,1.0,1.0,2.0
MEX,Boxing,Mexico,139744251.0,22039.629,18.755324538563254,10.000642801879584,5,1,2028,0,0.0,0.0,0.0,0.0
MEX,Archery,Mexico,139744251.0,22039.629,18.755324538563254,10.000642801879584,6,1,2028,0,0.0,1.0,1.0,2.0
MAS,Badminton,Malaysia,34545393.0,,17.35778478525322,,8,2,2028,0,0.0,1.0,1.0,2.0
BRA,Volleyball,Brazil,219181979.0,19652.365,19.20541290162967,9.886003849455683,24,1,2028,0,0.0,0.0,1.0,1.0
BRA,Taekwondo,Brazil,219181979.0,19652.365,19.20541290162967,9.886003849455683,4,1,2028,0,0.0,0.0,1.0,1.0
BRA,Surfing,Brazil,219181979.0,19652.365,19.20541290162967,9.886003849455683,0,2,2028,0,1.0,1.0,1.0,3.0
BRA,Skateboarding,Brazil,219181979.0,19652.365,19.20541290162967,9.886003849455683,0,2,2028,0,1.0,1.0,1.0,3.0
BRA,Judo,Brazil,219181979.0,19652.365,19.20541290162967,9.886003849455683,14,4,2028,0,1.0,1.0,2.0,4.0
CAN,Canoe Sprint,Canada,38867347.0,56706.824,17.475665073076062,10.945667469614168,0,2,2028,0,0.0,0.0,1.0,1.0
CAN,Breaking,Canada,38867347.0,56706.824,17.475665073076062,10.945667469614168,0,1,2028,0,0.0,0.0,1.0,1.0
CAN,Boxing,Canada,38867347.0,56706.824,17.475665073076062,10.945667469614168,11,1,2028,0,0.0,0.0,1.0,1.0
CAN,Beach Volleyball,Canada,38867347.0,56706.824,17.475665073076062,10.945667469614168,6,1,2028,0,0.0,0.0,1.0,1.0
CAN,Athletics,Canada,38867347.0,56706.824,17.475665073076062,10.945667469614168,61,5,2028,0,2.0,1.0,1.0,4.0
BUL,Wrestling,Bulgaria,6744760.0,,15.724276613341647,,11,2,2028,0,1.0,0.0,1.0,2.0
BUL,Weightlifting,Bulgaria,6744760.0,,15.724276613341647,,2,2,2028,0,1.0,0.0,1.0,2.0
BUL,Taekwondo,Bulgaria,6744760.0,,15.724276613341647,,0,1,2028,0,1.0,0.0,1.0,2.0
BUL,Rhythmic Gymnastics,Bulgaria,6744760.0,,15.724276613341647,,6,1,2028,0,0.0,0.0,1.0,1.0
BUL,Boxing,Bulgaria,6744760.0,,15.724276613341647,,4,1,2028,0,0.0,0.0,1.0,1.0
MAR,Football,Morocco,38715278.0,9162.747,17.4717448862861,9.12301043516085,0,1,2028,0,0.0,0.0,1.0,1.0
MAR,Athletics,Morocco,38715278.0,9162.747,17.4717448862861,9.12301043516085,21,1,2028,0,1.0,0.0,0.0,1.0
MGL,Judo,Mongolia,3366713.0,,15.029447752450489,,13,1,2028,0,1.0,1.0,1.0,3.0
NED,Swimming,Netherlands,17370682.0,,16.670294458112068,,14,2,2028,0,1.0,1.0,1.0,3.0
NED,Sailing,Netherlands,17370682.0,,16.670294458112068,,11,4,2028,0,1.0,1.0,2.0,4.0
NED,Rowing,Netherlands,17370682.0,,16.670294458112068,,36,8,2028,0,3.0,3.0,2.0,8.0
NED,Marathon Swimming,Netherlands,17370682.0,,16.670294458112068,,0,1,2028,0,1.0,0.0,0.0,1.0
NED,Hockey,Netherlands,17370682.0,,16.670294458112068,,32,2,2028,0,1.0,1.0,1.0,3.0
NED,Equestrian,Netherlands,17370682.0,,16.670294458112068,,0,1,2028,0,1.0,0.0,0.0,1.0
NED,Cycling Track,Netherlands,17370682.0,,16.670294458112068,,0,5,2028,0,1.0,1.0,1.0,3.0
NED,Cycling Road,Netherlands,17370682.0,,16.670294458112068,,0,1,2028,0,1.0,0.0,0.0,1.0
NED,Cycling BMX Racing,Netherlands,17370682.0,,16.670294458112068,,0,1,2028,0,1.0,0.0,0.0,1.0
NED,Athletics,Netherlands,17370682.0,,16.670294458112068,,27,6,2028,0,2.0,1.0,1.0,4.0
NED,Artistic Swimming,Netherlands,17370682.0,,16.670294458112068,,0,1,2028,0,1.0,0.0,0.0,1.0
NED,3x3 Basketball,Netherlands,17370682.0,,16.670294458112068,,0,1,2028,0,1.0,0.0,0.0,1.0
NZL,Cycling Track,New Zealand,4994118.0,49316.4,15.423771578132271,10.806032238938164,0,5,2028,0,3.0,1.0,1.0,5.0
NZL,Canoe Sprint,New Zealand,4994118.0,49316.4,15.423771578132271,10.806032238938164,0,3,2028,0,3.0,0.0,0.0,3.0
NZL,Canoe Slalom,New Zealand,4994118.0,49316.4,15.423771578132271,10.806032238938164,0,1,2028,0,1.0,0.0,0.0,1.0
NZL,Athletics,New Zealand,4994118.0,49316.4,15.423771578132271,10.806032238938164,14,2,2028,0,1.0,1.0,1.0,3.0
BEL,Athletics,Belgium,11783859.0,63347.785,16.282241356538076,11.056411006401984,23,3,2028,0,1.0,1.0,1.0,3.0
BRA,Football,Brazil,219181979.0,19652.365,19.20541290162967,9.886003849455683,35,1,2028,0,0.0,1.0,0.0,1.0
BRA,Canoe Sprint,Brazil,219181979.0,19652.365,19.20541290162967,9.886003849455683,0,1,2028,0,0.0,1.0,1.0,2.0
BRA,Boxing,Brazil,219181979.0,19652.365,19.20541290162967,9.886003849455683,9,1,2028,0,0.0,1.0,1.0,2.0
BRA,Beach Volleyball,Brazil,219181979.0,19652.365,19.20541290162967,9.886003849455683,8,1,2028,0,0.0,0.0,1.0,1.0
BRA,Athletics,Brazil,219181979.0,19652.365,19.20541290162967,9.886003849455683,62,2,2028,0,0.0,1.0,1.0,2.0
BRA,Artistic Gymnastics,Brazil,219181979.0,19652.365,19.20541290162967,9.886003849455683,0,4,2028,0,1.0,2.0,2.0,5.0
NED,Water Polo,Netherlands,17370682.0,,16.670294458112068,,12,1,2028,0,0.0,0.0,1.0,1.0
NOR,Beach Volleyball,Norway,5655754.0,91105.25,15.548184168788662,11.419781686822322,0,1,2028,0,0.0,0.0,1.0,1.0
NOR,Athletics,Norway,5655754.0,91105.25,15.548184168788662,11.419781686822322,9,3,2028,0,2.0,1.0,0.0,3.0
AZE,Wrestling,Azerbaijan,10383416.0,22072.148,16.155720572282075,10.002117126142972,14,3,2028,0,0.0,1.0,2.0,3.0
AZE,Taekwondo,Azerbaijan,10383416.0,22072.148,16.155720572282075,10.002117126142972,4,1,2028,0,0.0,0.0,0.0,0.0
AZE,Judo,Azerbaijan,10383416.0,22072.148,16.155720572282075,10.002117126142972,6,2,2028,0,0.0,1.0,0.0,1.0
AZE,Boxing,Azerbaijan,10383416.0,22072.148,16.155720572282075,10.002117126142972,11,1,2028,0,0.0,1.0,0.0,1.0
BOT,Athletics,Botswana,2575556.0,,14.761576379367805,,3,2,2028,0,0.0,0.0,0.0,0.0
BEL,Taekwondo,Belgium,11783859.0,63347.785,16.282241356538076,11.056411006401984,0,1,2028,0,0.0,0.0,1.0,1.0
BEL,Judo,Belgium,11783859.0,63347.785,16.282241356538076,11.056411006401984,5,1,2028,0,0.0,0.0,1.0,1.0
BEL,Cycling Track,Belgium,11783859.0,63347.785,16.282241356538076,11.056411006401984,0,1,2028,0,0.0,0.0,1.0,1.0
BEL,Cycling Road,Belgium,11783859.0,63347.785,16.282241356538076,11.056411006401984,0,4,2028,0,1.0,0.0,2.0,3.0
NZL,Triathlon,New Zealand,4994118.0,49316.4,15.423771578132271,10.806032238938164,6,1,2028,0,0.0,1.0,0.0,1.0
NZL,Sailing,New Zealand,4994118.0,49316.4,15.423771578132271,10.806032238938164,12,2,2028,0,1.0,1.0,0.0,2.0
NZL,Rugby Sevens,New Zealand,4994118.0,49316.4,15.423771578132271,10.806032238938164,25,1,2028,0,0.0,1.0,0.0,1.0
NZL,Rowing,New Zealand,4994118.0,49316.4,15.423771578132271,10.806032238938164,36,4,2028,0,1.0,1.0,1.0,3.0
NZL,Golf,New Zealand,4994118.0,49316.4,15.423771578132271,10.806032238938164,3,1,2028,0,0.0,0.0,0.0,0.0
PHI,Boxing,Philippines,116085686.0,,18.569839157414567,,5,2,2028,0,0.0,0.0,1.0,1.0
PHI,Artistic Gymnastics,Philippines,116085686.0,,18.569839157414567,,0,2,2028,0,1.0,0.0,1.0,2.0
PER,Sailing,Peru,34777489.0,15661.75,17.36448089637359,9.659040560768876,0,1,2028,0,0.0,0.0,1.0,1.0
AUS,Water Polo,Australia,26573232.0,60303.98,17.095414988918627,11.00716996636983,26,1,2028,0,0.0,1.0,0.0,1.0
AUS,Tennis,Australia,26573232.0,60303.98,17.095414988918627,11.00716996636983,7,1,2028,0,0.0,0.0,1.0,1.0
AUS,Swimming,Australia,26573232.0,60303.98,17.095414988918627,11.00716996636983,39,18,2028,0,8.0,7.0,3.0,18.0
AUS,Surfing,Australia,26573232.0,60303.98,17.095414988918627,11.00716996636983,0,1,2028,0,1.0,1.0,1.0,3.0
BRN,Wrestling,Bahrain,1834610.0,79071.734,14.422343027897124,11.27812339142433,0,1,2028,0,1.0,0.0,0.0,1.0
BRN,Weightlifting,Bahrain,1834610.0,79071.734,14.422343027897124,11.27812339142433,0,1,2028,0,1.0,0.0,0.0,1.0
BRN,Athletics,Bahrain,1834610.0,79071.734,14.422343027897124,11.27812339142433,29,2,2028,0,0.0,1.0,0.0,1.0
PAN,Boxing,Panama,4536068.0,36394.918,15.32757133591424,10.502211904479209,0,1,2028,0,0.0,0.0,0.0,0.0
PAK,Athletics,Pakistan,223158203.0,5500.3237,19.22339151287193,8.6127440149908,0,1,2028,0,0.0,0.0,0.0,0.0
NOR,Wrestling,Norway,5655754.0,91105.25,15.548184168788662,11.419781686822322,2,1,2028,0,0.0,0.0,1.0,1.0
NOR,Weightlifting,Norway,5655754.0,91105.25,15.548184168788662,11.419781686822322,4,1,2028,0,0.0,0.0,1.0,1.0
NOR,Sailing,Norway,5655754.0,91105.25,15.548184168788662,11.419781686822322,8,1,2028,0,0.0,0.0,1.0,1.0
NOR,Handball,Norway,5655754.0,91105.25,15.548184168788662,11.419781686822322,14,1,2028,0,1.0,0.0,0.0,1.0
SWE,Cycling Mountain Bike,Sweden,10375710.0,62978.938,16.154978151853438,11.050571510215027,0,1,2028,0,0.0,0.0,1.0,1.0
SWE,Beach Volleyball,Sweden,10375710.0,62978.938,16.154978151853438,11.050571510215027,0,1,2028,0,0.0,0.0,1.0,1.0
SWE,Athletics,Sweden,10375710.0,62978.938,16.154978151853438,11.050571510215027,12,1,2028,0,1.0,0.0,0.0,1.0
POL,Volleyball,Poland,37503622.0,45153.043,17.439948099607204,10.71783510079405,12,1,2028,0,0.0,1.0,0.0,1.0
POL,Tennis,Poland,37503622.0,45153.043,17.439948099607204,10.71783510079405,0,1,2028,0,0.0,1.0,0.0,1.0
POL,Sport Climbing,Poland,37503622.0,45153.043,17.439948099607204,10.71783510079405,0,2,2028,0,0.0,1.0,1.0,2.0
USA,3x3 Basketball,United States,340895345.0,75489.266,19.64708608491755,11.231758999772978,0,1,2028,1,0.0,0.0,1.0,1.0
AUT,Sport Climbing,Austria,8860572.0,63788.08,15.997121993176306,11.06333729480875,0,2,2028,0,0.0,0.0,1.0,1.0
AUT,Sailing,Austria,8860572.0,63788.08,15.997121993176306,11.06333729480875,8,2,2028,0,1.0,0.0,1.0,2.0
AUT,Judo,Austria,8860572.0,63788.08,15.997121993176306,11.06333729480875,3,1,2028,0,0.0,0.0,1.0,1.0
POL,Rowing,Poland,37503622.0,45153.043,17.439948099607204,10.71783510079405,26,1,2028,0,0.0,0.0,1.0,1.0
POL,Fencing,Poland,37503622.0,45153.043,17.439948099607204,10.71783510079405,13,1,2028,0,0.0,1.0,1.0,2.0
POL,Cycling Track,Poland,37503622.0,45153.043,17.439948099607204,10.71783510079405,0,1,2028,0,0.0,1.0,0.0,1.0
POL,Canoe Slalom,Poland,37503622.0,45153.043,17.439948099607204,10.71783510079405,0,1,2028,0,0.0,1.0,0.0,1.0
POL,Boxing,Poland,37503622.0,45153.043,17.439948099607204,10.71783510079405,8,1,2028,0,0.0,1.0,0.0,1.0
POL,Athletics,Poland,37503622.0,45153.043,17.439948099607204,10.71783510079405,65,1,2028,0,1.0,1.0,2.0,4.0
PUR,Wrestling,Puerto Rico,,,,,3,1,2028,0,0.0,0.0,1.0,1.0
PUR,Athletics,Puerto Rico,,,,,10,1,2028,0,0.0,0.0,1.0,1.0
POR,Judo,Portugal,10081154.0,,16.126178397376663,,6,1,2028,0,0.0,0.0,1.0,1.0
POR,Cycling Track,Portugal,10081154.0,,16.126178397376663,,0,2,2028,0,0.0,1.0,1.0,2.0
POR,Athletics,Portugal,10081154.0,,16.126178397376663,,27,1,2028,0,1.0,1.0,1.0,3.0
SWE,Table Tennis,Sweden,10375710.0,62978.938,16.154978151853438,11.050571510215027,6,2,2028,0,0.0,1.0,0.0,1.0
SWE,Swimming,Sweden,10375710.0,62978.938,16.154978151853438,11.050571510215027,11,2,2028,0,1.0,1.0,0.0,2.0
SWE,Shooting,Sweden,10375710.0,62978.938,16.154978151853438,11.050571510215027,3,1,2028,0,0.0,1.0,0.0,1.0
SWE,Sailing,Sweden,10375710.0,62978.938,16.154978151853438,11.050571510215027,14,2,2028,0,0.0,1.0,1.0,2.0
SWE,Judo,Sweden,10375710.0,62978.938,16.154978151853438,11.050571510215027,0,1,2028,0,0.0,0.0,1.0,1.0
LCA,Athletics,Saint Lucia,183774.0,24252.469,12.121467462242288,10.096314937681123,0,2,2028,0,2.0,0.0,0.0,2.0
ROU,Weightlifting,Romania,19018547.0,38539.58,16.760925271473415,10.559466991154547,5,1,2028,0,0.0,0.0,0.0,0.0
ROU,Swimming,Romania,19018547.0,38539.58,16.760925271473415,10.559466991154547,7,2,2028,0,0.0,0.0,1.0,1.0
ROU,Rowing,Romania,19018547.0,38539.58,16.760925271473415,10.559466991154547,17,5,2028,0,2.0,3.0,1.0,6.0
USA,Fencing,United States,340895345.0,75489.266,19.64708608491755,11.231758999772978,17,4,2028,1,1.0,1.0,1.0,3.0
USA,Equestrian,United States,340895345.0,75489.266,19.64708608491755,11.231758999772978,0,1,2028,1,0.0,0.0,1.0,1.0
ROU,Artistic Gymnastics,Romania,19018547.0,38539.58,16.760925271473415,10.559466991154547,0,1,2028,0,0.0,1.0,1.0,2.0
QAT,Athletics,Qatar,2983958.0,110889.79,14.908761500265014,11.616301122098998,7,1,2028,0,0.0,0.0,1.0,1.0
SVK,Canoe Slalom,Slovakia,5443264.0,40319.055,15.509889622617376,10.604604266831622,0,1,2028,0,0.0,0.0,0.0,0.0
SGP,Sailing,Singapore,6119203.0,132569.53,15.6269425806698,11.794870084672812,0,1,2028,0,0.0,0.0,1.0,1.0
SRB,Water Polo,Serbia,8575593.0,25596.127,15.964430819754169,10.150235397607284,13,1,2028,0,1.0,0.0,0.0,1.0
SRB,Tennis,Serbia,8575593.0,25596.127,15.964430819754169,10.150235397607284,4,1,2028,0,1.0,0.0,0.0,1.0
SRB,Taekwondo,Serbia,8575593.0,25596.127,15.964430819754169,10.150235397607284,2,1,2028,0,1.0,0.0,0.0,1.0
USA,Athletics,United States,340895345.0,75489.266,19.64708608491755,11.231758999772978,128,34,2028,1,11.0,11.0,6.0,28.0
USA,Artistic Swimming,United States,340895345.0,75489.266,19.64708608491755,11.231758999772978,0,1,2028,1,0.0,0.0,1.0,1.0
USA,Artistic Gymnastics,United States,340895345.0,75489.266,19.64708608491755,11.231758999772978,0,9,2028,1,2.0,2.0,3.0,7.0
USA,Archery,United States,340895345.0,75489.266,19.64708608491755,11.231758999772978,4,2,2028,1,0.0,0.0,1.0,1.0
USA,Weightlifting,United States,340895345.0,75489.266,19.64708608491755,11.231758999772978,4,2,2028,1,0.0,0.0,1.0,1.0
USA,Water Polo,United States,340895345.0,75489.266,19.64708608491755,11.231758999772978,26,1,2028,1,0.0,0.0,0.0,0.0
USA,Rugby Sevens,United States,340895345.0,75489.266,19.64708608491755,11.231758999772978,0,1,2028,1,0.0,0.0,1.0,1.0
USA,Rowing,United States,340895345.0,75489.266,19.64708608491755,11.231758999772978,41,2,2028,1,1.0,0.0,1.0,2.0
USA,Golf,United States,340895345.0,75489.266,19.64708608491755,11.231758999772978,7,1,2028,1,0.0,0.0,0.0,0.0
USA,Football,United States,340895345.0,75489.266,19.64708608491755,11.231758999772978,17,1,2028,1,1.0,0.0,1.0,2.0
AUS,Skateboarding,Australia,26573232.0,60303.98,17.095414988918627,11.00716996636983,0,2,2028,0,1.0,0.0,1.0,2.0
AUS,Shooting,Australia,26573232.0,60303.98,17.095414988918627,11.00716996636983,18,1,2028,0,0.0,0.0,1.0,1.0
USA,Diving,United States,340895345.0,75489.266,19.64708608491755,11.231758999772978,10,1,2028,1,0.0,0.0,1.0,1.0
USA,Cycling Track,United States,340895345.0,75489.266,19.64708608491755,11.231758999772978,0,2,2028,1,1.0,1.0,0.0,2.0
USA,Cycling Road,United States,340895345.0,75489.266,19.64708608491755,11.231758999772978,0,2,2028,1,1.0,1.0,0.0,2.0
USA,Cycling Mountain Bike,United States,340895345.0,75489.266,19.64708608491755,11.231758999772978,0,1,2028,1,0.0,0.0,1.0,1.0
USA,Cycling BMX Freestyle,United States,340895345.0,75489.266,19.64708608491755,11.231758999772978,0,1,2028,1,0.0,0.0,1.0,1.0
USA,Canoe Sprint,United States,340895345.0,75489.266,19.64708608491755,11.231758999772978,0,1,2028,1,0.0,0.0,1.0,1.0
USA,Canoe Slalom,United States,340895345.0,75489.266,19.64708608491755,11.231758999772978,0,1,2028,1,0.0,0.0,1.0,1.0
USA,Breaking,United States,340895345.0,75489.266,19.64708608491755,11.231758999772978,0,1,2028,1,0.0,0.0,1.0,1.0
USA,Boxing,United States,340895345.0,75489.266,19.64708608491755,11.231758999772978,8,1,2028,1,0.0,0.0,0.0,0.0
USA,Basketball,United States,340895345.0,75489.266,19.64708608491755,11.231758999772978,24,2,2028,1,1.0,0.0,0.0,1.0
AUS,Canoe Slalom,Australia,26573232.0,60303.98,17.095414988918627,11.00716996636983,0,3,2028,0,2.0,1.0,1.0,4.0
AUS,Boxing,Australia,26573232.0,60303.98,17.095414988918627,11.00716996636983,4,2,2028,0,0.0,0.0,1.0,1.0
AUS,Basketball,Australia,26573232.0,60303.98,17.095414988918627,11.00716996636983,24,1,2028,0,0.0,0.0,1.0,1.0
AUS,Athletics,Australia,26573232.0,60303.98,17.095414988918627,11.00716996636983,59,7,2028,0,1.0,2.0,2.0,5.0
USA,Wrestling,United States,340895345.0,75489.266,19.64708608491755,11.231758999772978,14,7,2028,1,2.0,1.0,3.0,6.0
USA,Volleyball,United States,340895345.0,75489.266,19.64708608491755,11.231758999772978,24,2,2028,1,1.0,0.0,0.0,1.0
USA,Triathlon,United States,340895345.0,75489.266,19.64708608491755,11.231758999772978,6,1,2028,1,0.0,1.0,0.0,1.0
USA,Tennis,United States,340895345.0,75489.266,19.64708608491755,11.231758999772978,11,2,2028,1,1.0,1.0,1.0,3.0
USA,Taekwondo,United States,340895345.0,75489.266,19.64708608491755,11.231758999772978,4,1,2028,1,0.0,0.0,1.0,1.0
USA,Swimming,United States,340895345.0,75489.266,19.64708608491755,11.231758999772978,47,28,2028,1,9.0,12.0,9.0,30.0
USA,Surfing,United States,340895345.0,75489.266,19.64708608491755,11.231758999772978,0,1,2028,1,0.0,0.0,1.0,1.0
USA,Sport Climbing,United States,340895345.0,75489.266,19.64708608491755,11.231758999772978,0,2,2028,1,1.0,1.0,0.0,2.0
USA,Skateboarding,United States,340895345.0,75489.266,19.64708608491755,11.231758999772978,0,3,2028,1,1.0,1.0,1.0,3.0
USA,Shooting,United States,340895345.0,75489.266,19.64708608491755,11.231758999772978,20,5,2028,1,1.0,1.0,1.0,3.0
USA,Sailing,United States,340895345.0,75489.266,19.64708608491755,11.231758999772978,15,1,2028,1,0.0,0.0,1.0,1.0
SRB,Shooting,Serbia,8575593.0,25596.127,15.964430819754169,10.150235397607284,8,1,2028,0,0.0,0.0,0.0,0.0
SRB,Basketball,Serbia,8575593.0,25596.127,15.964430819754169,10.150235397607284,24,1,2028,0,0.0,0.0,0.0,0.0
KOR,Fencing,South Korea,52093053.0,55070.938,17.768542177298194,10.91639557321168,17,3,2028,0,2.0,1.0,1.0,4.0
KOR,Boxing,South Korea,52093053.0,55070.938,17.768542177298194,10.91639557321168,2,1,2028,0,0.0,0.0,1.0,1.0
KOR,Badminton,South Korea,52093053.0,55070.938,17.768542177298194,10.91639557321168,14,2,2028,0,1.0,1.0,1.0,3.0
KOR,Archery,South Korea,52093053.0,55070.938,17.768542177298194,10.91639557321168,6,7,2028,0,3.0,1.0,1.0,5.0
RSA,Swimming,South Africa,61208783.0,,17.929801266594957,,14,2,2028,0,1.0,1.0,1.0,3.0
RSA,Rugby Sevens,South Africa,61208783.0,,17.929801266594957,,13,1,2028,0,1.0,1.0,1.0,3.0
RSA,Cycling Mountain Bike,South Africa,61208783.0,,17.929801266594957,,0,1,2028,0,1.0,1.0,1.0,3.0
RSA,Athletics,South Africa,61208783.0,,17.929801266594957,,38,2,2028,0,1.0,1.0,1.0,3.0
AUS,Sailing,Australia,26573232.0,60303.98,17.095414988918627,11.00716996636983,11,2,2028,0,1.0,1.0,0.0,2.0
AUS,Rowing,Australia,26573232.0,60303.98,17.095414988918627,11.00716996636983,29,1,2028,0,0.0,1.0,0.0,1.0
AUS,Marathon Swimming,Australia,26573232.0,60303.98,17.095414988918627,11.00716996636983,0,1,2028,0,1.0,1.0,1.0,3.0
AUS,Equestrian,Australia,26573232.0,60303.98,17.095414988918627,11.00716996636983,0,1,2028,0,1.0,1.0,1.0,3.0
AUS,Diving,Australia,26573232.0,60303.98,17.095414988918627,11.00716996636983,9,1,2028,0,0.0,0.0,1.0,1.0
AUS,Cycling Track,Australia,26573232.0,60303.98,17.095414988918627,11.00716996636983,0,5,2028,0,2.0,1.0,1.0,4.0
AUS,Cycling Road,Australia,26573232.0,60303.98,17.095414988918627,11.00716996636983,0,1,2028,0,1.0,1.0,1.0,3.0
AUS,Cycling BMX Racing,Australia,26573232.0,60303.98,17.095414988918627,11.00716996636983,0,1,2028,0,1.0,1.0,1.0,3.0
AUS,Cycling BMX Freestyle,Australia,26573232.0,60303.98,17.095414988918627,11.00716996636983,0,1,2028,0,1.0,1.0,1.0,3.0
AUS,Canoe Sprint,Australia,26573232.0,60303.98,17.095414988918627,11.00716996636983,0,2,2028,0,1.0,0.0,1.0,2.0
SLO,Sport Climbing,Slovenia,2078221.0,,14.547023278428762,,0,1,2028,0,1.0,0.0,0.0,1.0
SLO,Sailing,Slovenia,2078221.0,,14.547023278428762,,3,1,2028,0,0.0,0.0,0.0,0.0
SLO,Judo,Slovenia,2078221.0,,14.547023278428762,,5,1,2028,0,0.0,0.0,1.0,1.0
KOR,Weightlifting,South Korea,52093053.0,55070.938,17.768542177298194,10.91639557321168,7,1,2028,0,0.0,1.0,1.0,2.0
KOR,Taekwondo,South Korea,52093053.0,55070.938,17.768542177298194,10.91639557321168,5,3,2028,0,1.0,0.0,1.0,2.0
KOR,Table Tennis,South Korea,52093053.0,55070.938,17.768542177298194,10.91639557321168,7,2,2028,0,1.0,0.0,1.0,2.0
KOR,Swimming,South Korea,52093053.0,55070.938,17.768542177298194,10.91639557321168,15,1,2028,0,1.0,1.0,0.0,2.0
KOR,Shooting,South Korea,52093053.0,55070.938,17.768542177298194,10.91639557321168,17,6,2028,0,3.0,2.0,1.0,6.0
KOR,Modern Pentathlon,South Korea,52093053.0,55070.938,17.768542177298194,10.91639557321168,0,1,2028,0,0.0,0.0,1.0,1.0
KOR,Judo,South Korea,52093053.0,55070.938,17.768542177298194,10.91639557321168,12,5,2028,0,1.0,1.0,1.0,3.0
ARG,Hockey,Argentina,47095834.0,26771.965,17.66769512620185,10.195147888692691,34,1,2028,0,0.0,0.0,0.0,0.0
ALG,Boxing,Algeria,45752995.0,,17.638767833880465,,7,1,2028,0,0.0,0.0,1.0,1.0
ALG,Athletics,Algeria,45752995.0,,17.638767833880465,,15,1,2028,0,0.0,0.0,0.0,0.0
ALG,Artistic Gymnastics,Algeria,45752995.0,,17.638767833880465,,0,1,2028,0,1.0,1.0,1.0,3.0
ESP,Water Polo,Spain,46345986.0,48460.293,17.651645265861067,10.788520675813986,25,1,2028,0,0.0,0.0,0.0,0.0
ESP,Tennis,Spain,46345986.0,48460.293,17.651645265861067,10.788520675813986,9,2,2028,0,0.0,0.0,1.0,1.0
ESP,Sailing,Spain,46345986.0,48460.293,17.651645265861067,10.788520675813986,14,1,2028,0,0.0,0.0,1.0,1.0
ARM,Artistic Gymnastics,Armenia,2937237.0,20078.785,14.892980241967392,9.907468866577029,0,1,2028,0,0.0,1.0,0.0,1.0
ALB,Wrestling,Albania,2947436.0,20591.486,14.896446537119433,9.932681530956,0,2,2028,0,0.0,1.0,1.0,2.0
ZAM,Athletics,Zambia,20982764.0,,16.859211944431628,,4,1,2028,0,0.0,0.0,1.0,1.0
ARG,Sailing,Argentina,47095834.0,26771.965,17.66769512620185,10.195147888692691,13,1,2028,0,0.0,0.0,0.0,0.0
